Date,Non-Adj Close,Adj Close
2016-01-04,10.9799995,87.839996
2016-01-05,10.659999875,85.279999
2016-01-06,10.109999625,80.879997
2016-01-07,9.899999625,79.199997
2016-01-08,9.80000025,78.400002
2016-01-11,9.25,74.0
2016-01-12,9.170000125,73.360001
2016-01-13,9.090000125,72.720001
2016-01-14,9.2299995,73.839996
2016-01-15,8.79,70.32
2016-01-19,8.48999975,67.919998
2016-01-20,8.23999975,65.919998
2016-01-21,8.560000375,68.480003
2016-01-22,9.2700005,74.160004
2016-01-25,8.54,68.32
2016-01-26,8.97000025,71.760002
2016-01-27,9.18000025,73.440002
2016-01-28,9.69999975,77.599998
2016-01-29,9.649999625,77.199997
2016-02-01,9.0200005,72.160004
2016-02-02,8.56999975,68.559998
2016-02-03,9.340000125,74.720001
2016-02-04,9.119999875,72.959999
2016-02-05,8.909999875,71.279999
2016-02-08,8.640000375,69.120003
2016-02-09,8.18000025,65.440002
2016-02-10,7.96,63.68
2016-02-11,7.98999975,63.919998
2016-02-12,8.329999875,66.639999
2016-02-16,8.310000375,66.480003
2016-02-17,8.77999975,70.239998
2016-02-18,8.659999875,69.279999
2016-02-19,8.55000025,68.400002
2016-02-22,8.909999875,71.279999
2016-02-23,8.4799995,67.839996
2016-02-24,8.590000125,68.720001
2016-02-25,8.80000025,70.400002
2016-02-26,8.77999975,70.239998
2016-02-29,9.0,72.0
2016-03-01,9.149999625,73.199997
2016-03-02,9.30000025,74.400002
2016-03-03,9.25,74.0
2016-03-04,9.649999625,77.199997
2016-03-07,10.109999625,80.879997
2016-03-08,9.649999625,77.199997
2016-03-09,10.149999625,81.199997
2016-03-10,10.04,80.32
2016-03-11,10.189999625,81.519997
2016-03-14,9.880000125,79.040001
2016-03-15,9.69999975,77.599998
2016-03-16,10.18000025,81.440002
2016-03-17,10.55000025,84.400002
2016-03-18,10.4799995,83.839996
2016-03-21,10.590000125,84.720001
2016-03-22,10.54,84.32
2016-03-23,10.109999625,80.879997
2016-03-24,10.060000375,80.480003
2016-03-28,10.01000025,80.080002
2016-03-29,9.80000025,78.400002
2016-03-30,9.7299995,77.839996
2016-03-31,9.69999975,77.599998
2016-04-01,9.329999875,74.639999
2016-04-04,9.079999875,72.639999
2016-04-05,9.130000125,73.040001
2016-04-06,9.600000375,76.800003
2016-04-07,9.51000025,76.080002
2016-04-08,10.02999975,80.239998
2016-04-11,10.27999975,82.239998
2016-04-12,10.640000375,85.120003
2016-04-13,10.51000025,84.080002
2016-04-14,10.4799995,83.839996
2016-04-15,10.25,82.0
2016-04-18,10.170000125,81.360001
2016-04-19,10.439999625,83.519997
2016-04-20,10.76000025,86.080002
2016-04-21,10.72000025,85.760002
2016-04-22,10.76000025,86.080002
2016-04-25,10.55000025,84.400002
2016-04-26,10.810000375,86.480003
2016-04-27,11.140000375,89.120003
2016-04-28,11.22000025,89.760002
2016-04-29,11.30000025,90.400002
2016-05-02,11.05000025,88.400002
2016-05-03,10.73999975,85.919998
2016-05-04,10.79,86.32
2016-05-05,10.899999625,87.199997
2016-05-06,10.96,87.68
2016-05-09,10.68000025,85.440002
2016-05-10,10.98999975,87.919998
2016-05-11,11.340000125,90.720001
2016-05-12,11.44999975,91.599998
2016-05-13,11.369999875,90.959999
2016-05-16,11.76000025,94.080002
2016-05-17,11.920000125,95.360001
2016-05-18,11.69999975,93.599998
2016-05-19,11.79,94.32
2016-05-20,11.75,94.0
2016-05-23,11.659999875,93.279999
2016-05-24,11.81999975,94.559998
2016-05-25,12.02999975,96.239998
2016-05-26,11.94999975,95.599998
2016-05-27,11.9799995,95.839996
2016-05-31,11.869999875,94.959999
2016-06-01,11.93000025,95.440002
2016-06-02,11.859999625,94.879997
2016-06-03,11.81999975,94.559998
2016-06-06,12.04,96.32
2016-06-07,12.22000025,97.760002
2016-06-08,12.43000025,99.440002
2016-06-09,12.25,98.0
2016-06-10,11.869999875,94.959999
2016-06-13,11.76000025,94.080002
2016-06-14,11.7299995,93.839996
2016-06-15,11.47000025,91.760002
2016-06-16,11.140000375,89.120003
2016-06-17,11.659999875,93.279999
2016-06-20,11.909999875,95.279999
2016-06-21,11.890000375,95.120003
2016-06-22,11.73999975,93.919998
2016-06-23,11.9799995,95.839996
2016-06-24,11.399999625,91.199997
2016-06-27,11.189999625,89.519997
2016-06-28,11.47000025,91.760002
2016-06-29,11.79,94.32
2016-06-30,11.56999975,92.559998
2016-07-01,11.77999975,94.239998
2016-07-05,11.18000025,89.440002
2016-07-06,11.329999875,90.639999
2016-07-07,10.81999975,86.559998
2016-07-08,10.829999875,86.639999
2016-07-11,10.649999625,85.199997
2016-07-12,11.189999625,89.519997
2016-07-13,10.75,86.0
2016-07-14,10.869999875,86.959999
2016-07-15,10.98999975,87.919998
2016-07-18,10.81999975,86.559998
2016-07-19,10.69999975,85.599998
2016-07-20,10.7299995,85.839996
2016-07-21,10.48999975,83.919998
2016-07-22,10.420000125,83.360001
2016-07-25,10.130000125,81.040001
2016-07-26,10.079999875,80.639999
2016-07-27,9.899999625,79.199997
2016-07-28,9.670000125,77.360001
2016-07-29,9.76000025,78.080002
2016-08-01,9.409999875,75.279999
2016-08-02,9.329999875,74.639999
2016-08-03,9.689999625,77.519997
2016-08-04,9.840000125,78.720001
2016-08-05,9.859999625,78.879997
2016-08-08,10.100000375,80.800003
2016-08-09,10.06999975,80.559998
2016-08-10,9.7700005,78.160004
2016-08-11,10.21,81.68
2016-08-12,10.5,84.0
2016-08-15,10.76000025,86.080002
2016-08-16,10.920000125,87.360001
2016-08-17,10.98999975,87.919998
2016-08-18,11.30000025,90.400002
2016-08-19,11.340000125,90.720001
2016-08-22,10.97000025,87.760002
2016-08-23,11.090000125,88.720001
2016-08-24,10.81999975,86.559998
2016-08-25,10.94999975,87.599998
2016-08-26,10.94999975,87.599998
2016-08-29,10.850000375,86.800003
2016-08-30,10.7299995,85.839996
2016-08-31,10.359999625,82.879997
2016-09-01,10.060000375,80.480003
2016-09-02,10.23999975,81.919998
2016-09-06,10.390000375,83.120003
2016-09-07,10.5200005,84.160004
2016-09-08,10.96,87.68
2016-09-09,10.590000125,84.720001
2016-09-12,10.640000375,85.120003
2016-09-13,10.369999875,82.959999
2016-09-14,10.090000125,80.720001
2016-09-15,10.140000375,81.120003
2016-09-16,10.0,80.0
2016-09-19,9.9799995,79.839996
2016-09-20,10.06999975,80.559998
2016-09-21,10.399999625,83.199997
2016-09-22,10.52999975,84.239998
2016-09-23,10.189999625,81.519997
2016-09-26,10.43000025,83.440002
2016-09-27,10.149999625,81.199997
2016-09-28,10.649999625,85.199997
2016-09-29,10.869999875,86.959999
2016-09-30,10.93000025,87.440002
2016-10-03,11.100000375,88.800003
2016-10-04,11.090000125,88.720001
2016-10-05,11.350000375,90.800003
2016-10-06,11.51000025,92.080002
2016-10-07,11.329999875,90.639999
2016-10-10,11.670000125,93.360001
2016-10-11,11.579999875,92.639999
2016-10-12,11.43000025,91.440002
2016-10-13,11.48999975,91.919998
2016-10-14,11.439999625,91.519997
2016-10-17,11.369999875,90.959999
2016-10-18,11.44999975,91.599998
2016-10-19,11.659999875,93.279999
2016-10-20,11.43000025,91.440002
2016-10-21,11.4799995,91.839996
2016-10-24,11.43000025,91.440002
2016-10-25,11.23999975,89.919998
2016-10-26,11.090000125,88.720001
2016-10-27,11.21,89.68
2016-10-28,11.01000025,88.080002
2016-10-31,10.52999975,84.239998
2016-11-01,10.56999975,84.559998
2016-11-02,10.27999975,82.239998
2016-11-03,10.079999875,80.639999
2016-11-04,9.9799995,79.839996
2016-11-07,10.159999875,81.279999
2016-11-08,10.100000375,80.800003
2016-11-09,10.27999975,82.239998
2016-11-10,10.04,80.32
2016-11-11,9.7700005,78.160004
2016-11-14,9.869999875,78.959999
2016-11-15,10.340000125,82.720001
2016-11-16,10.2299995,81.839996
2016-11-17,10.130000125,81.040001
2016-11-18,10.31999975,82.559998
2016-11-21,10.7700005,86.160004
2016-11-22,10.630000125,85.040001
2016-11-23,10.670000125,85.360001
2016-11-25,10.329999875,82.639999
2016-11-28,10.439999625,83.519997
2016-11-29,10.060000375,80.480003
2016-11-30,10.93000025,87.440002
2016-12-01,11.329999875,90.639999
2016-12-02,11.4799995,91.839996
2016-12-05,11.350000375,90.800003
2016-12-06,11.29,90.32
2016-12-07,11.090000125,88.720001
2016-12-08,11.310000375,90.480003
2016-12-09,11.439999625,91.519997
2016-12-12,11.619999875,92.959999
2016-12-13,11.7299995,93.839996
2016-12-14,11.31999975,90.559998
2016-12-15,11.359999625,90.879997
2016-12-16,11.55000025,92.400002
2016-12-19,11.5,92.0
2016-12-20,11.619999875,92.959999
2016-12-21,11.439999625,91.519997
2016-12-22,11.46,91.68
2016-12-23,11.560000375,92.480003
2016-12-27,11.7299995,93.839996
2016-12-28,11.75,94.0
2016-12-29,11.72000025,93.760002
2016-12-30,11.72000025,93.760002
2017-01-03,11.439999625,91.519997
2017-01-04,11.579999875,92.639999
2017-01-05,11.69999975,93.599998
2017-01-06,11.68000025,93.440002
2017-01-09,11.310000375,90.480003
2017-01-10,11.06999975,88.559998
2017-01-11,11.369999875,90.959999
2017-01-12,11.54,92.32
2017-01-13,11.409999875,91.279999
2017-01-17,11.43000025,91.440002
2017-01-18,11.159999875,89.279999
2017-01-19,11.170000125,89.360001
2017-01-20,11.390000375,91.120003
2017-01-23,11.31999975,90.559998
2017-01-24,11.369999875,90.959999
2017-01-25,11.310000375,90.480003
2017-01-26,11.52999975,92.239998
2017-01-27,11.399999625,91.199997
2017-01-30,11.27999975,90.239998
2017-01-31,11.31999975,90.559998
2017-02-01,11.4799995,91.839996
2017-02-02,11.51000025,92.080002
2017-02-03,11.54,92.32
2017-02-06,11.380000125,91.040001
2017-02-07,11.189999625,89.519997
2017-02-08,11.2299995,89.839996
2017-02-09,11.350000375,90.800003
2017-02-10,11.5,92.0
2017-02-13,11.31999975,90.559998
2017-02-14,11.380000125,91.040001
2017-02-15,11.359999625,90.879997
2017-02-16,11.409999875,91.279999
2017-02-17,11.390000375,91.120003
2017-02-21,11.54,92.32
2017-02-22,11.359999625,90.879997
2017-02-23,11.52999975,92.239998
2017-02-24,11.46,91.68
2017-02-27,11.47000025,91.760002
2017-02-28,11.44999975,91.599998
2017-03-01,11.399999625,91.199997
2017-03-02,11.170000125,89.360001
2017-03-03,11.29,90.32
2017-03-06,11.27999975,90.239998
2017-03-07,11.2700005,90.160004
2017-03-08,10.670000125,85.360001
2017-03-09,10.52999975,84.239998
2017-03-10,10.29,82.32
2017-03-13,10.27999975,82.239998
2017-03-14,10.189999625,81.519997
2017-03-15,10.380000125,83.040001
2017-03-16,10.359999625,82.879997
2017-03-17,10.329999875,82.639999
2017-03-20,10.2700005,82.160004
2017-03-21,10.109999625,80.879997
2017-03-22,10.119999875,80.959999
2017-03-23,10.01000025,80.080002
2017-03-24,10.090000125,80.720001
2017-03-27,10.04,80.32
2017-03-28,10.149999625,81.199997
2017-03-29,10.369999875,82.959999
2017-03-30,10.56999975,84.559998
2017-03-31,10.640000375,85.120003
2017-04-03,10.55000025,84.400002
2017-04-04,10.71,85.68
2017-04-05,10.68000025,85.440002
2017-04-06,10.859999625,86.879997
2017-04-07,10.96,87.68
2017-04-10,11.140000375,89.120003
2017-04-11,11.170000125,89.360001
2017-04-12,11.109999625,88.879997
2017-04-13,11.130000125,89.040001
2017-04-17,11.060000375,88.480003
2017-04-18,11.04,88.32
2017-04-19,10.619999875,84.959999
2017-04-20,10.54,84.32
2017-04-21,10.31999975,82.559998
2017-04-24,10.25,82.0
2017-04-25,10.359999625,82.879997
2017-04-26,10.26000025,82.080002
2017-04-27,10.23999975,81.919998
2017-04-28,10.23999975,81.919998
2017-05-01,10.149999625,81.199997
2017-05-02,9.920000125,79.360001
2017-05-03,9.93000025,79.440002
2017-05-04,9.46,75.68
2017-05-05,9.659999875,77.279999
2017-05-08,9.670000125,77.360001
2017-05-09,9.56999975,76.559998
2017-05-10,9.859999625,78.879997
2017-05-11,9.939999625,79.519997
2017-05-12,9.94999975,79.599998
2017-05-15,10.170000125,81.360001
2017-05-16,10.109999625,80.879997
2017-05-17,10.189999625,81.519997
2017-05-18,10.26000025,82.080002
2017-05-19,10.4799995,83.839996
2017-05-22,10.54,84.32
2017-05-23,10.640000375,85.120003
2017-05-24,10.600000375,84.800003
2017-05-25,10.04,80.32
2017-05-26,10.27999975,82.239998
2017-05-30,10.23999975,81.919998
2017-05-31,9.96,79.68
2017-06-01,9.909999875,79.279999
2017-06-02,9.859999625,78.879997
2017-06-05,9.80000025,78.400002
2017-06-06,9.97000025,79.760002
2017-06-07,9.46,75.68
2017-06-08,9.43000025,75.440002
2017-06-09,9.48999975,75.919998
2017-06-12,9.5200005,76.160004
2017-06-13,9.600000375,76.800003
2017-06-14,9.2299995,73.839996
2017-06-15,9.18000025,73.440002
2017-06-16,9.23999975,73.919998
2017-06-19,9.119999875,72.959999
2017-06-20,8.94999975,71.599998
2017-06-21,8.71,69.68
2017-06-22,8.77999975,70.239998
2017-06-23,8.859999625,70.879997
2017-06-26,8.93000025,71.440002
2017-06-27,9.100000375,72.800003
2017-06-28,9.19999975,73.599998
2017-06-29,9.21,73.68
2017-06-30,9.5,76.0
2017-07-03,9.619999875,76.959999
2017-07-05,9.25,74.0
2017-07-06,9.310000375,74.480003
2017-07-07,9.100000375,72.800003
2017-07-10,9.130000125,73.040001
2017-07-11,9.2700005,74.160004
2017-07-12,9.329999875,74.639999
2017-07-13,9.47000025,75.760002
2017-07-14,9.590000125,76.720001
2017-07-17,9.44999975,75.599998
2017-07-18,9.54,76.32
2017-07-19,9.689999625,77.519997
2017-07-20,9.609999625,76.879997
2017-07-21,9.340000125,74.720001
2017-07-24,9.5,76.0
2017-07-25,9.810000375,78.480003
2017-07-26,9.96,79.68
2017-07-27,10.060000375,80.480003
2017-07-28,10.170000125,81.360001
2017-07-31,10.27999975,82.239998
2017-08-01,10.090000125,80.720001
2017-08-02,10.140000375,81.120003
2017-08-03,10.0200005,80.160004
2017-08-04,10.130000125,81.040001
2017-08-07,10.100000375,80.800003
2017-08-08,10.060000375,80.480003
2017-08-09,10.149999625,81.199997
2017-08-10,9.909999875,79.279999
2017-08-11,9.98999975,79.919998
2017-08-14,9.72000025,77.760002
2017-08-15,9.75,78.0
2017-08-16,9.56999975,76.559998
2017-08-17,9.619999875,76.959999
2017-08-18,9.97000025,79.760002
2017-08-21,9.71,77.68
2017-08-22,9.7700005,78.160004
2017-08-23,9.880000125,79.040001
2017-08-24,9.71,77.68
2017-08-25,9.75,78.0
2017-08-28,9.52999975,76.239998
2017-08-29,9.46,75.68
2017-08-30,9.380000125,75.040001
2017-08-31,9.630000125,77.040001
2017-09-01,9.670000125,77.360001
2017-09-05,9.920000125,79.360001
2017-09-06,10.04,80.32
2017-09-07,10.02999975,80.239998
2017-09-08,9.7299995,77.839996
2017-09-11,9.81999975,78.559998
2017-09-12,9.869999875,78.959999
2017-09-13,10.06999975,80.559998
2017-09-14,10.130000125,81.040001
2017-09-15,10.19999975,81.599998
2017-09-18,10.170000125,81.360001
2017-09-19,10.109999625,80.879997
2017-09-20,10.23999975,81.919998
2017-09-21,10.25,82.0
2017-09-22,10.23999975,81.919998
2017-09-25,10.55000025,84.400002
2017-09-26,10.48999975,83.919998
2017-09-27,10.5200005,84.160004
2017-09-28,10.43000025,83.440002
2017-09-29,10.43000025,83.440002
2017-10-02,10.21,81.68
2017-10-03,10.18000025,81.440002
2017-10-04,10.079999875,80.639999
2017-10-05,10.25,82.0
2017-10-06,9.97000025,79.760002
2017-10-09,10.0,80.0
2017-10-10,10.27999975,82.239998
2017-10-11,10.359999625,82.879997
2017-10-12,10.2299995,81.839996
2017-10-13,10.369999875,82.959999
2017-10-16,10.46,83.68
2017-10-17,10.48999975,83.919998
2017-10-18,10.4799995,83.839996
2017-10-19,10.350000375,82.800003
2017-10-20,10.43000025,83.440002
2017-10-23,10.420000125,83.360001
2017-10-24,10.54,84.32
2017-10-25,10.4799995,83.839996
2017-10-26,10.56999975,84.559998
2017-10-27,10.840000125,86.720001
2017-10-30,10.869999875,86.959999
2017-10-31,10.93000025,87.440002
2017-11-01,10.899999625,87.199997
2017-11-02,10.98999975,87.919998
2017-11-03,11.18000025,89.440002
2017-11-06,11.51000025,92.080002
2017-11-07,11.48999975,91.919998
2017-11-08,11.409999875,91.279999
2017-11-09,11.46,91.68
2017-11-10,11.420000125,91.360001
2017-11-13,11.380000125,91.040001
2017-11-14,11.130000125,89.040001
2017-11-15,11.090000125,88.720001
2017-11-16,11.06999975,88.559998
2017-11-17,11.350000375,90.800003
2017-11-20,11.27999975,90.239998
2017-11-21,11.399999625,91.199997
2017-11-22,11.600000375,92.800003
2017-11-24,11.79,94.32
2017-11-27,11.590000125,92.720001
2017-11-28,11.579999875,92.639999
2017-11-29,11.47000025,91.760002
2017-11-30,11.47000025,91.760002
2017-12-01,11.670000125,93.360001
2017-12-04,11.48999975,91.919998
2017-12-05,11.54,92.32
2017-12-06,11.19999975,89.599998
2017-12-07,11.329999875,90.639999
2017-12-08,11.48999975,91.919998
2017-12-11,11.600000375,92.800003
2017-12-12,11.439999625,91.519997
2017-12-13,11.329999875,90.639999
2017-12-14,11.43000025,91.440002
2017-12-15,11.46,91.68
2017-12-18,11.439999625,91.519997
2017-12-19,11.51000025,92.080002
2017-12-20,11.609999625,92.879997
2017-12-21,11.640000375,93.120003
2017-12-22,11.659999875,93.279999
2017-12-26,11.94999975,95.599998
2017-12-27,11.920000125,95.360001
2017-12-28,11.97000025,95.760002
2017-12-29,12.01000025,96.080002
2018-01-02,12.06999975,96.559998
2018-01-03,12.340000125,98.720001
2018-01-04,12.369999875,98.959999
2018-01-05,12.310000375,98.480003
2018-01-08,12.380000125,99.040001
2018-01-09,12.56999975,100.559998
2018-01-10,12.68000025,101.440002
2018-01-11,12.69999975,101.599998
2018-01-12,12.869999875,102.959999
2018-01-16,12.76000025,102.080002
2018-01-17,12.77999975,102.239998
2018-01-18,12.76000025,102.080002
2018-01-19,12.72000025,101.760002
2018-01-22,12.77999975,102.239998
2018-01-23,12.97000025,103.760002
2018-01-24,13.22000025,105.760002
2018-01-25,13.060000375,104.480003
2018-01-26,13.23999975,105.919998
2018-01-29,13.109999625,104.879997
2018-01-30,12.899999625,103.199997
2018-01-31,12.9799995,103.839996
2018-02-01,13.23999975,105.919998
2018-02-02,13.04,104.32
2018-02-05,12.7700005,102.160004
2018-02-06,12.69999975,101.599998
2018-02-07,12.369999875,98.959999
2018-02-08,12.090000125,96.720001
2018-02-09,11.859999625,94.879997
2018-02-12,11.890000375,95.120003
2018-02-13,11.869999875,94.959999
2018-02-14,12.18000025,97.440002
2018-02-15,12.329999875,98.639999
2018-02-16,12.380000125,99.040001
2018-02-20,12.390000375,99.120003
2018-02-21,12.29,98.32
2018-02-22,12.590000125,100.720001
2018-02-23,12.7700005,102.160004
2018-02-26,12.859999625,102.879997
2018-02-27,12.649999625,101.199997
2018-02-28,12.369999875,98.959999
2018-03-01,12.350000375,98.800003
2018-03-02,12.369999875,98.959999
2018-03-05,12.590000125,100.720001
2018-03-06,12.56999975,100.559998
2018-03-07,12.350000375,98.800003
2018-03-08,12.149999625,97.199997
2018-03-09,12.47000025,99.760002
2018-03-12,12.369999875,98.959999
2018-03-13,12.23999975,97.919998
2018-03-14,12.27999975,98.239998
2018-03-15,12.340000125,98.720001
2018-03-16,12.55000025,100.400002
2018-03-19,12.55000025,100.400002
2018-03-20,12.810000375,102.480003
2018-03-21,13.18000025,105.440002
2018-03-22,12.94999975,103.599998
2018-03-23,13.27999975,106.239998
2018-03-26,13.21,105.68
2018-03-27,13.079999875,104.639999
2018-03-28,13.04,104.32
2018-03-29,13.090000125,104.720001
2018-04-02,12.73999975,101.919998
2018-04-03,12.810000375,102.480003
2018-04-04,12.81999975,102.559998
2018-04-05,12.829999875,102.639999
2018-04-06,12.51000025,100.080002
2018-04-09,12.7700005,102.160004
2018-04-10,13.25,106.0
2018-04-11,13.44999975,107.599998
2018-04-12,13.5200005,108.160004
2018-04-13,13.55000025,108.400002
2018-04-16,13.380000125,107.040001
2018-04-17,13.409999875,107.279999
2018-04-18,13.880000125,111.040001
2018-04-19,13.7700005,110.160004
2018-04-20,13.75,110.0
2018-04-23,13.920000125,111.360001
2018-04-24,13.68000025,109.440002
2018-04-25,13.72000025,109.760002
2018-04-26,13.7700005,110.160004
2018-04-27,13.7299995,109.839996
2018-04-30,13.80000025,110.400002
2018-05-01,13.609999625,108.879997
2018-05-02,13.670000125,109.360001
2018-05-03,13.81999975,110.559998
2018-05-04,14.090000125,112.720001
2018-05-07,14.100000375,112.800003
2018-05-08,14.060000375,112.480003
2018-05-09,14.369999875,114.959999
2018-05-10,14.409999875,115.279999
2018-05-11,14.25,114.0
2018-05-14,14.380000125,115.040001
2018-05-15,14.399999625,115.199997
2018-05-16,14.46,115.68
2018-05-17,14.48999975,115.919998
2018-05-18,14.43000025,115.440002
2018-05-21,14.670000125,117.360001
2018-05-22,14.560000375,116.480003
2018-05-23,14.51000025,116.080002
2018-05-24,14.29,114.32
2018-05-25,13.68000025,109.440002
2018-05-29,13.51000025,108.080002
2018-05-30,13.829999875,110.639999
2018-05-31,13.55000025,108.400002
2018-06-01,13.25,106.0
2018-06-04,13.119999875,104.959999
2018-06-05,13.22000025,105.760002
2018-06-06,13.159999875,105.279999
2018-06-07,13.350000375,106.800003
2018-06-08,13.2700005,106.160004
2018-06-11,13.359999625,106.879997
2018-06-12,13.399999625,107.199997
2018-06-13,13.47000025,107.760002
2018-06-14,13.5200005,108.160004
2018-06-15,13.05000025,104.400002
2018-06-18,13.29,106.32
2018-06-19,13.140000375,105.120003
2018-06-20,13.27999975,106.239998
2018-06-21,13.310000375,106.480003
2018-06-22,14.0200005,112.160004
2018-06-25,13.7700005,110.160004
2018-06-26,14.2700005,114.160004
2018-06-27,14.649999625,117.199997
2018-06-28,14.859999625,118.879997
2018-06-29,15.060000375,120.480003
2018-07-02,14.96,119.68
2018-07-03,14.920000125,119.360001
2018-07-05,14.77999975,118.239998
2018-07-06,14.96,119.68
2018-07-09,15.02999975,120.239998
2018-07-10,15.06999975,120.559998
2018-07-11,14.310000375,114.480003
2018-07-12,14.390000375,115.120003
2018-07-13,14.47000025,115.760002
2018-07-16,13.939999625,111.519997
2018-07-17,13.94999975,111.599998
2018-07-18,14.100000375,112.800003
2018-07-19,14.130000125,113.040001
2018-07-20,14.149999625,113.199997
2018-07-23,14.090000125,112.720001
2018-07-24,14.2299995,113.839996
2018-07-25,14.420000125,115.360001
2018-07-26,14.47000025,115.760002
2018-07-27,14.31999975,114.559998
2018-07-30,14.54,116.32
2018-07-31,14.27999975,114.239998
2018-08-01,14.090000125,112.720001
2018-08-02,14.359999625,114.879997
2018-08-03,14.2700005,114.160004
2018-08-06,14.310000375,114.480003
2018-08-07,14.359999625,114.879997
2018-08-08,13.899999625,111.199997
2018-08-09,13.880000125,111.040001
2018-08-10,14.079999875,112.639999
2018-08-13,14.01000025,112.080002
2018-08-14,13.98999975,111.919998
2018-08-15,13.51000025,108.080002
2018-08-16,13.630000125,109.040001
2018-08-17,13.689999625,109.519997
2018-08-20,13.76000025,110.080002
2018-08-21,13.829999875,110.639999
2018-08-22,14.2700005,114.160004
2018-08-23,14.2700005,114.160004
2018-08-24,14.43000025,115.440002
2018-08-27,14.5,116.0
2018-08-28,14.43000025,115.440002
2018-08-29,14.659999875,117.279999
2018-08-30,14.75,118.0
2018-08-31,14.71,117.68
2018-09-04,14.579999875,116.639999
2018-09-05,14.48999975,115.919998
2018-09-06,14.30000025,114.400002
2018-09-07,14.27999975,114.239998
2018-09-10,14.21,113.68
2018-09-11,14.600000375,116.800003
2018-09-12,14.77999975,118.239998
2018-09-13,14.48999975,115.919998
2018-09-14,14.5,116.0
2018-09-17,14.47000025,115.760002
2018-09-18,14.689999625,117.519997
2018-09-19,14.939999625,119.519997
2018-09-20,14.80000025,118.400002
2018-09-21,14.96,119.68
2018-09-24,15.25,122.0
2018-09-25,15.2700005,122.160004
2018-09-26,15.109999625,120.879997
2018-09-27,15.26000025,122.080002
2018-09-28,15.5200005,124.160004
2018-10-01,15.94999975,127.599998
2018-10-02,15.869999875,126.959999
2018-10-03,16.079999875,128.639999
2018-10-04,15.73999975,125.919998
2018-10-05,15.689999625,125.519997
2018-10-08,15.68000025,125.440002
2018-10-09,15.81999975,126.559998
2018-10-10,15.380000125,123.040001
2018-10-11,14.94999975,119.599998
2018-10-12,15.119999875,120.959999
2018-10-15,15.130000125,121.040001
2018-10-16,15.189999625,121.519997
2018-10-17,14.81999975,118.559998
2018-10-18,14.560000375,116.480003
2018-10-19,14.72000025,117.760002
2018-10-22,14.73999975,117.919998
2018-10-23,14.04,112.32
2018-10-24,14.05000025,112.400002
2018-10-25,14.21,113.68
2018-10-26,14.329999875,114.639999
2018-10-29,14.109999625,112.879997
2018-10-30,14.02999975,112.239998
2018-10-31,13.79,110.32
2018-11-01,13.46,107.68
2018-11-02,13.310000375,106.480003
2018-11-05,13.30000025,106.400002
2018-11-06,13.18000025,105.440002
2018-11-07,13.060000375,104.480003
2018-11-08,12.840000125,102.720001
2018-11-09,12.69999975,101.599998
2018-11-12,12.4799995,99.839996
2018-11-13,11.689999625,93.519997
2018-11-14,11.94999975,95.599998
2018-11-15,11.9799995,95.839996
2018-11-16,12.06999975,96.559998
2018-11-19,12.140000375,97.120003
2018-11-20,11.2700005,90.160004
2018-11-21,11.5200005,92.160004
2018-11-23,10.829999875,86.639999
2018-11-26,10.939999625,87.519997
2018-11-27,10.94999975,87.599998
2018-11-28,10.659999875,85.279999
2018-11-29,10.869999875,86.959999
2018-11-30,10.7299995,85.839996
2018-12-03,11.2700005,90.160004
2018-12-04,11.18000025,89.440002
2018-12-06,10.939999625,87.519997
2018-12-07,11.109999625,88.879997
2018-12-10,10.75,86.0
2018-12-11,10.94999975,87.599998
2018-12-12,10.81999975,86.559998
2018-12-13,11.21,89.68
2018-12-14,10.81999975,86.559998
2018-12-17,10.44999975,83.599998
2018-12-18,9.79,78.32
2018-12-19,10.0200005,80.160004
2018-12-20,9.72000025,77.760002
2018-12-21,9.56999975,76.559998
2018-12-24,9.29,74.32
2018-12-26,9.899999625,79.199997
2018-12-27,9.619999875,76.959999
2018-12-28,9.52999975,76.239998
2018-12-31,9.659999875,77.279999
2019-01-02,9.850000375,78.800003
2019-01-03,9.94999975,79.599998
2019-01-04,10.18000025,81.440002
2019-01-07,10.29,82.32
2019-01-08,10.5,84.0
2019-01-09,11.05000025,88.400002
2019-01-10,11.100000375,88.800003
2019-01-11,10.899999625,87.199997
2019-01-14,10.689999625,85.519997
2019-01-15,11.0,88.0
2019-01-16,11.060000375,88.480003
2019-01-17,11.02999975,88.239998
2019-01-18,11.310000375,90.480003
2019-01-22,11.119999875,88.959999
2019-01-23,11.05000025,88.400002
2019-01-24,11.170000125,89.360001
2019-01-25,11.25,90.0
2019-01-28,10.94999975,87.599998
2019-01-29,11.159999875,89.279999
2019-01-30,11.399999625,91.199997
2019-01-31,11.350000375,90.800003
2019-02-01,11.630000125,93.040001
2019-02-04,11.5,92.0
2019-02-05,11.29,90.32
2019-02-06,11.31999975,90.559998
2019-02-07,11.06999975,88.559998
2019-02-08,11.079999875,88.639999
2019-02-11,11.01000025,88.080002
2019-02-12,11.159999875,89.279999
2019-02-13,11.340000125,90.720001
2019-02-14,11.4799995,91.839996
2019-02-15,11.71,93.68
2019-02-19,11.77999975,94.239998
2019-02-20,11.93000025,95.440002
2019-02-21,11.880000125,95.040001
2019-02-22,11.94999975,95.599998
2019-02-25,11.56999975,92.559998
2019-02-26,11.630000125,93.040001
2019-02-27,11.890000375,95.120003
2019-02-28,11.94999975,95.599998
2019-03-01,11.659999875,93.279999
2019-03-04,11.80000025,94.400002
2019-03-05,11.81999975,94.559998
2019-03-06,11.75,94.0
2019-03-07,11.810000375,94.480003
2019-03-08,11.7299995,93.839996
2019-03-11,11.859999625,94.879997
2019-03-12,11.890000375,95.120003
2019-03-13,12.189999625,97.519997
2019-03-14,12.22000025,97.760002
2019-03-15,12.19999975,97.599998
2019-03-18,12.310000375,98.480003
2019-03-19,12.27999975,98.239998
2019-03-20,12.5,100.0
2019-03-21,12.439999625,99.519997
2019-03-22,12.2299995,97.839996
2019-03-25,12.25,98.0
2019-03-26,12.47000025,99.760002
2019-03-27,12.340000125,98.720001
2019-03-28,12.350000375,98.800003
2019-03-29,12.5,100.0
2019-04-01,12.81999975,102.559998
2019-04-02,13.01000025,104.080002
2019-04-03,12.98999975,103.919998
2019-04-04,12.920000125,103.360001
2019-04-05,13.149999625,105.199997
2019-04-08,13.399999625,107.199997
2019-04-09,13.329999875,106.639999
2019-04-10,13.409999875,107.279999
2019-04-11,13.2700005,106.160004
2019-04-12,13.30000025,106.400002
2019-04-15,13.23999975,105.919998
2019-04-16,13.369999875,106.959999
2019-04-17,13.27999975,106.239998
2019-04-18,13.31999975,106.559998
2019-04-22,13.670000125,109.360001
2019-04-23,13.79,110.32
2019-04-24,13.68000025,109.440002
2019-04-25,13.52999975,108.239998
2019-04-26,13.090000125,104.720001
2019-04-29,13.2299995,105.839996
2019-04-30,13.29,106.32
2019-05-01,13.22000025,105.760002
2019-05-02,12.81999975,102.559998
2019-05-03,12.869999875,102.959999
2019-05-06,13.06999975,104.559998
2019-05-07,12.7299995,101.839996
2019-05-08,12.890000375,103.120003
2019-05-09,12.810000375,102.480003
2019-05-10,12.840000125,102.720001
2019-05-13,12.68000025,101.440002
2019-05-14,12.869999875,102.959999
2019-05-15,12.97000025,103.760002
2019-05-16,13.140000375,105.120003
2019-05-17,13.079999875,104.639999
2019-05-20,13.149999625,105.199997
2019-05-21,13.130000125,105.040001
2019-05-22,12.73999975,101.919998
2019-05-23,12.090000125,96.720001
2019-05-24,12.2299995,97.839996
2019-05-28,12.2299995,97.839996
2019-05-29,12.23999975,97.919998
2019-05-30,11.76000025,94.080002
2019-05-31,11.100000375,88.800003
2019-06-03,10.98999975,87.919998
2019-06-04,11.159999875,89.279999
2019-06-05,10.7700005,86.160004
2019-06-06,11.060000375,88.480003
2019-06-07,11.2299995,89.839996
2019-06-10,11.109999625,88.879997
2019-06-11,11.109999625,88.879997
2019-06-12,10.640000375,85.120003
2019-06-13,10.880000125,87.040001
2019-06-14,10.939999625,87.519997
2019-06-17,10.810000375,86.480003
2019-06-18,11.25,90.0
2019-06-19,11.329999875,90.639999
2019-06-20,11.850000375,94.800003
2019-06-21,11.97000025,95.760002
2019-06-24,12.01000025,96.080002
2019-06-25,12.0,96.0
2019-06-26,12.29,98.32
2019-06-27,12.29,98.32
2019-06-28,12.04,96.32
2019-07-01,12.27999975,98.239998
2019-07-02,11.69999975,93.599998
2019-07-03,11.7700005,94.160004
2019-07-05,11.94999975,95.599998
2019-07-08,11.93000025,95.440002
2019-07-09,12.04,96.32
2019-07-10,12.52999975,100.239998
2019-07-11,12.55000025,100.400002
2019-07-12,12.5200005,100.160004
2019-07-15,12.30000025,98.400002
2019-07-16,12.06999975,96.559998
2019-07-17,11.75,94.0
2019-07-18,11.560000375,92.480003
2019-07-19,11.670000125,93.360001
2019-07-22,11.68000025,93.440002
2019-07-23,11.810000375,94.480003
2019-07-24,11.590000125,92.720001
2019-07-25,11.600000375,92.800003
2019-07-26,11.649999625,93.199997
2019-07-29,11.81999975,94.559998
2019-07-30,12.079999875,96.639999
2019-07-31,12.04,96.32
2019-08-01,11.310000375,90.480003
2019-08-02,11.4799995,91.839996
2019-08-05,11.369999875,90.959999
2019-08-06,11.140000375,89.120003
2019-08-07,10.840000125,86.720001
2019-08-08,10.96,87.68
2019-08-09,11.27999975,90.239998
2019-08-12,11.359999625,90.879997
2019-08-13,11.869999875,94.959999
2019-08-14,11.439999625,91.519997
2019-08-15,11.350000375,90.800003
2019-08-16,11.399999625,91.199997
2019-08-19,11.659999875,93.279999
2019-08-20,11.630000125,93.040001
2019-08-21,11.609999625,92.879997
2019-08-22,11.52999975,92.239998
2019-08-23,11.189999625,89.519997
2019-08-26,11.18000025,89.440002
2019-08-27,11.420000125,91.360001
2019-08-28,11.640000375,93.120003
2019-08-29,11.77999975,94.239998
2019-08-30,11.46,91.68
2019-09-03,11.22000025,89.760002
2019-09-04,11.71,93.68
2019-09-05,11.69999975,93.599998
2019-09-06,11.7700005,94.160004
2019-09-09,12.079999875,96.639999
2019-09-10,11.9799995,95.839996
2019-09-11,11.68000025,93.440002
2019-09-12,11.47000025,91.760002
2019-09-13,11.439999625,91.519997
2019-09-16,12.829999875,102.639999
2019-09-17,12.29,98.32
2019-09-18,12.100000375,96.800003
2019-09-19,12.189999625,97.519997
2019-09-20,12.19999975,97.599998
2019-09-23,12.21,97.68
2019-09-24,11.899999625,95.199997
2019-09-25,11.80000025,94.400002
2019-09-26,11.80000025,94.400002
2019-09-27,11.659999875,93.279999
2019-09-30,11.340000125,90.720001
2019-10-01,11.189999625,89.519997
2019-10-02,10.9799995,87.839996
2019-10-03,10.93000025,87.440002
2019-10-04,11.04,88.32
2019-10-07,11.04,88.32
2019-10-08,10.890000375,87.120003
2019-10-09,10.98999975,87.919998
2019-10-10,11.189999625,89.519997
2019-10-11,11.420000125,91.360001
2019-10-14,11.18000025,89.440002
2019-10-15,11.060000375,88.480003
2019-10-16,11.140000375,89.120003
2019-10-17,11.27999975,90.239998
2019-10-18,11.22000025,89.760002
2019-10-21,11.21,89.68
2019-10-22,11.340000125,90.720001
2019-10-23,11.649999625,93.199997
2019-10-24,11.7299995,93.839996
2019-10-25,11.829999875,94.639999
2019-10-28,11.649999625,93.199997
2019-10-29,11.579999875,92.639999
2019-10-30,11.47000025,91.760002
2019-10-31,11.30000025,90.400002
2019-11-01,11.689999625,93.519997
2019-11-04,11.810000375,94.480003
2019-11-05,11.93000025,95.440002
2019-11-06,11.810000375,94.480003
2019-11-07,11.880000125,95.040001
2019-11-08,11.98999975,95.919998
2019-11-11,11.890000375,95.120003
2019-11-12,11.869999875,94.959999
2019-11-13,11.96,95.68
2019-11-14,11.909999875,95.279999
2019-11-15,12.079999875,96.639999
2019-11-18,11.899999625,95.199997
2019-11-19,11.56999975,92.559998
2019-11-20,11.899999625,95.199997
2019-11-21,12.19999975,97.599998
2019-11-22,12.109999625,96.879997
2019-11-25,12.109999625,96.879997
2019-11-26,12.189999625,97.519997
2019-11-27,12.140000375,97.120003
2019-11-29,11.619999875,92.959999
2019-12-02,11.670000125,93.360001
2019-12-03,11.76000025,94.080002
2019-12-04,12.189999625,97.519997
2019-12-05,12.189999625,97.519997
2019-12-06,12.31999975,98.559998
2019-12-09,12.329999875,98.639999
2019-12-10,12.390000375,99.120003
2019-12-11,12.30000025,98.400002
2019-12-12,12.369999875,98.959999
2019-12-13,12.48999975,99.919998
2019-12-16,12.590000125,100.720001
2019-12-17,12.72000025,101.760002
2019-12-18,12.73999975,101.919998
2019-12-19,12.77999975,102.239998
2019-12-20,12.630000125,101.040001
2019-12-23,12.69999975,101.599998
2019-12-24,12.7700005,102.160004
2019-12-26,12.890000375,103.120003
2019-12-27,12.909999875,103.279999
2019-12-30,12.890000375,103.120003
2019-12-31,12.810000375,102.480003
2020-01-02,12.810000375,102.480003
2020-01-03,13.18000025,105.440002
2020-01-06,13.159999875,105.279999
2020-01-07,13.130000125,105.040001
2020-01-08,12.659999875,101.279999
2020-01-09,12.48999975,99.919998
2020-01-10,12.409999875,99.279999
2020-01-13,12.19999975,97.599998
2020-01-14,12.27999975,98.239998
2020-01-15,12.18000025,97.440002
2020-01-16,12.29,98.32
2020-01-17,12.329999875,98.639999
2020-01-21,12.23999975,97.919998
2020-01-22,11.899999625,95.199997
2020-01-23,11.659999875,93.279999
2020-01-24,11.43000025,91.440002
2020-01-27,11.100000375,88.800003
2020-01-28,11.25,90.0
2020-01-29,11.159999875,89.279999
2020-01-30,11.079999875,88.639999
2020-01-31,10.840000125,86.720001
2020-02-03,10.48999975,83.919998
2020-02-04,10.439999625,83.519997
2020-02-05,10.69999975,85.599998
2020-02-06,10.73999975,85.919998
2020-02-07,10.579999875,84.639999
2020-02-10,10.420000125,83.360001
2020-02-11,10.5,84.0
2020-02-12,10.810000375,86.480003
2020-02-13,10.840000125,86.720001
2020-02-14,10.94999975,87.599998
2020-02-18,10.94999975,87.599998
2020-02-19,11.18000025,89.440002
2020-02-20,11.27999975,90.239998
2020-02-21,11.159999875,89.279999
2020-02-24,10.73999975,85.919998
2020-02-25,10.399999625,83.199997
2020-02-26,10.189999625,81.519997
2020-02-27,9.77999975,78.239998
2020-02-28,9.44999975,75.599998
2020-03-02,9.920000125,79.360001
2020-03-03,9.890000375,79.120003
2020-03-04,9.859999625,78.879997
2020-03-05,9.609999625,76.879997
2020-03-06,8.7299995,69.839996
2020-03-09,6.52,52.16
2020-03-10,7.23999975,57.919998
2020-03-11,6.94,55.52
2020-03-12,6.54,52.32
2020-03-13,6.96,55.68
2020-03-16,6.05000025,48.400002
2020-03-17,5.71,45.68
2020-03-18,4.71,37.68
2020-03-19,5.369999875,42.959999
2020-03-20,4.94,39.52
2020-03-23,4.880000125,39.040001
2020-03-24,4.98,39.84
2020-03-25,5.079999875,40.639999
2020-03-26,4.829999875,38.639999
2020-03-27,4.46999975,35.759998
2020-03-30,4.23,33.84
2020-03-31,4.21,33.68
2020-04-01,4.380000125,35.040001
2020-04-02,5.110000125,40.880001
2020-04-03,5.900000125,47.200001
2020-04-06,5.48,43.84
2020-04-07,5.090000125,40.720001
2020-04-08,5.369999875,42.959999
2020-04-09,4.98,39.84
2020-04-13,4.929999875,39.439999
2020-04-14,4.659999875,37.279999
2020-04-15,4.429999875,35.439999
2020-04-16,4.360000125,34.880001
2020-04-17,4.21,33.68
2020-04-20,3.75,30.0
2020-04-21,2.81,22.48
2020-04-22,2.51,20.08
2020-04-23,2.640000125,21.120001
2020-04-24,2.569999875,20.559999
2020-04-27,2.19,17.52
2020-04-28,2.130000125,17.040001
2020-04-29,18.0,18.0
2020-04-30,19.120001,19.120001
2020-05-01,18.860001,18.860001
2020-05-04,19.67,19.67
2020-05-05,21.51,21.51
2020-05-06,20.85,20.85
2020-05-07,20.469999,20.469999
2020-05-08,21.469999,21.469999
2020-05-11,21.17,21.17
2020-05-12,20.969999,20.969999
2020-05-13,20.6,20.6
2020-05-14,21.450001,21.450001
2020-05-15,22.389999,22.389999
2020-05-18,24.309999,24.309999
2020-05-19,24.440001,24.440001
2020-05-20,25.34,25.34
2020-05-21,26.6,26.6
2020-05-22,25.57,25.57
2020-05-26,25.66,25.66
2020-05-27,25.0,25.0
2020-05-28,25.030001,25.030001
2020-05-29,25.879999,25.879999
2020-06-01,26.219999,26.219999
2020-06-02,27.07,27.07
2020-06-03,27.120001,27.120001
2020-06-04,27.5,27.5
2020-06-05,28.870001,28.870001
2020-06-08,28.370001,28.370001
2020-06-09,28.42,28.42
2020-06-10,28.43,28.43
2020-06-11,26.360001,26.360001
2020-06-12,26.43,26.43
2020-06-15,26.98,26.98
2020-06-16,27.639999,27.639999
2020-06-17,27.280001,27.280001
2020-06-18,27.889999,27.889999
2020-06-19,28.23,28.23
2020-06-22,28.98,28.98
2020-06-23,28.719999,28.719999
2020-06-24,27.25,27.25
2020-06-25,27.940001,27.940001
2020-06-26,27.360001,27.360001
2020-06-29,28.27,28.27
2020-06-30,28.059999,28.059999
2020-07-01,28.35,28.35
2020-07-02,28.75,28.75
2020-07-06,28.959999,28.959999
2020-07-07,28.790001,28.790001
2020-07-08,29.18,29.18
2020-07-09,28.41,28.41
2020-07-10,29.030001,29.030001
2020-07-13,28.5,28.5
2020-07-14,28.879999,28.879999
2020-07-15,29.290001,29.290001
2020-07-16,29.16,29.16
2020-07-17,29.1,29.1
2020-07-20,29.120001,29.120001
2020-07-21,29.719999,29.719999
2020-07-22,29.75,29.75
2020-07-23,29.41,29.41
2020-07-24,29.440001,29.440001
2020-07-27,29.719999,29.719999
2020-07-28,29.35,29.35
2020-07-29,29.57,29.57
2020-07-30,28.93,28.93
2020-07-31,29.07,29.07
2020-08-03,29.34,29.34
2020-08-04,29.780001,29.780001
2020-08-05,30.23,30.23
2020-08-06,30.18,30.18
2020-08-07,29.85,29.85
2020-08-10,30.16,30.16
2020-08-11,29.82,29.82
2020-08-12,30.559999,30.559999
2020-08-13,30.4,30.4
2020-08-14,30.33,30.33
2020-08-17,30.77,30.77
2020-08-18,30.6,30.6
2020-08-19,30.66,30.66
2020-08-20,30.52,30.52
2020-08-21,30.18,30.18
2020-08-24,30.35,30.35
2020-08-25,30.92,30.92
2020-08-26,30.93,30.93
2020-08-27,30.67,30.67
2020-08-28,30.719999,30.719999
2020-08-31,30.58,30.58
2020-09-01,30.610001,30.610001
2020-09-02,29.860001,29.860001
2020-09-03,29.639999,29.639999
2020-09-04,28.51,28.51
2020-09-08,26.75,26.75
2020-09-09,27.41,27.41
2020-09-10,26.790001,26.790001
2020-09-11,27.040001,27.040001
2020-09-14,26.940001,26.940001
2020-09-15,27.52,27.52
2020-09-16,28.700001,28.700001
2020-09-17,29.23,29.23
2020-09-18,29.059999,29.059999
2020-09-21,28.290001,28.290001
2020-09-22,28.17,28.17
2020-09-23,28.030001,28.030001
2020-09-24,28.5,28.5
2020-09-25,28.35,28.35
2020-09-28,28.690001,28.690001
2020-09-29,27.700001,27.700001
2020-09-30,28.290001,28.290001
2020-10-01,27.51,27.51
2020-10-02,26.35,26.35
2020-10-05,27.93,27.93
2020-10-06,28.389999,28.389999
2020-10-07,28.389999,28.389999
2020-10-08,29.139999,29.139999
2020-10-09,28.690001,28.690001
2020-10-12,28.07,28.07
2020-10-13,28.459999,28.459999
2020-10-14,28.98,28.98
2020-10-15,28.940001,28.940001
2020-10-16,28.719999,28.719999
2020-10-19,28.59,28.59
2020-10-20,29.049999,29.049999
2020-10-21,28.1,28.1
2020-10-22,28.51,28.51
2020-10-23,27.879999,27.879999
2020-10-26,27.110001,27.110001
2020-10-27,27.690001,27.690001
2020-10-28,26.309999,26.309999
2020-10-29,25.6,25.6
2020-10-30,25.25,25.25
2020-11-02,26.26,26.26
2020-11-03,26.719999,26.719999
2020-11-04,27.440001,27.440001
2020-11-05,27.16,27.16
2020-11-06,26.469999,26.469999
2020-11-09,28.07,28.07
2020-11-10,28.91,28.91
2020-11-11,29.040001,29.040001
2020-11-12,28.66,28.66
2020-11-13,28.129999,28.129999
2020-11-16,28.809999,28.809999
2020-11-17,28.870001,28.870001
2020-11-18,29.0,29.0
2020-11-19,29.09,29.09
2020-11-20,29.27,29.27
2020-11-23,29.52,29.52
2020-11-24,30.799999,30.799999
2020-11-25,31.370001,31.370001
2020-11-27,31.219999,31.219999
2020-11-30,30.969999,30.969999
2020-12-01,30.620001,30.620001
2020-12-02,30.969999,30.969999
2020-12-03,31.25,31.25
2020-12-04,31.559999,31.559999
2020-12-07,31.4,31.4
2020-12-08,31.41,31.41
2020-12-09,31.34,31.34
2020-12-10,32.110001,32.110001
2020-12-11,31.940001,31.940001
2020-12-14,32.169998,32.169998
2020-12-15,32.540001,32.540001
2020-12-16,32.740002,32.740002
2020-12-17,33.16,33.16
2020-12-18,33.48,33.48
2020-12-21,32.639999,32.639999
2020-12-22,32.09,32.09
2020-12-23,32.75,32.75
2020-12-24,32.919998,32.919998
2020-12-28,32.59,32.59
2020-12-29,32.779999,32.779999
2020-12-30,32.91,32.91
2020-12-31,33.009998,33.009998
2021-01-04,32.380001,32.380001
2021-01-05,33.939999,33.939999
2021-01-06,34.110001,34.110001
2021-01-07,34.529999,34.529999
2021-01-08,35.43,35.43
2021-01-11,35.259998,35.259998
2021-01-12,35.900002,35.900002
2021-01-13,35.799999,35.799999
2021-01-14,36.240002,36.240002
2021-01-15,35.34,35.34
2021-01-19,35.75,35.75
2021-01-20,35.790001,35.790001
2021-01-21,35.759998,35.759998
2021-01-22,35.23,35.23
2021-01-25,35.59,35.59
2021-01-26,35.450001,35.450001
2021-01-27,35.5,35.5
2021-01-28,35.25,35.25
2021-01-29,35.18,35.18
2021-02-01,36.119999,36.119999
2021-02-02,36.82,36.82
2021-02-03,37.439999,37.439999
2021-02-04,37.810001,37.810001
2021-02-05,38.189999,38.189999
2021-02-08,38.939999,38.939999
2021-02-09,39.169998,39.169998
2021-02-10,39.279999,39.279999
2021-02-11,38.970001,38.970001
2021-02-12,39.939999,39.939999
2021-02-16,40.450001,40.450001
2021-02-17,40.889999,40.889999
2021-02-18,40.27,40.27
2021-02-19,39.68,39.68
2021-02-22,41.279999,41.279999
2021-02-23,41.619999,41.619999
2021-02-24,42.5,42.5
2021-02-25,42.459999,42.459999
2021-02-26,41.310001,41.310001
2021-03-01,40.599998,40.599998
2021-03-02,40.07,40.07
2021-03-03,41.139999,41.139999
2021-03-04,43.07,43.07
2021-03-05,44.439999,44.439999
2021-03-08,43.5,43.5
2021-03-09,43.110001,43.110001
2021-03-10,43.740002,43.740002
2021-03-11,44.599998,44.599998
2021-03-12,44.349998,44.349998
2021-03-15,44.259998,44.259998
2021-03-16,43.830002,43.830002
2021-03-17,43.82,43.82
2021-03-18,40.470001,40.470001
2021-03-19,41.77,41.77
2021-03-22,41.709999,41.709999
2021-03-23,39.369999,39.369999
2021-03-24,41.450001,41.450001
2021-03-25,39.889999,39.889999
2021-03-26,41.529999,41.529999
2021-03-29,41.919998,41.919998
2021-03-30,41.169998,41.169998
2021-03-31,40.529999,40.529999
2021-04-01,41.84,41.84
2021-04-05,40.279999,40.279999
2021-04-06,40.700001,40.700001
2021-04-07,40.860001,40.860001
2021-04-08,40.82,40.82
2021-04-09,40.639999,40.639999
2021-04-12,40.900002,40.900002
2021-04-13,41.400002,41.400002
2021-04-14,43.040001,43.040001
2021-04-15,43.27,43.27
2021-04-16,43.18,43.18
2021-04-19,43.32,43.32
2021-04-20,42.740002,42.740002
2021-04-21,41.77,41.77
2021-04-22,42.09,42.09
2021-04-23,42.459999,42.459999
2021-04-26,42.330002,42.330002
2021-04-27,43.110001,43.110001
2021-04-28,43.529999,43.529999
2021-04-29,44.259998,44.259998
2021-04-30,43.27,43.27
2021-05-03,43.98,43.98
2021-05-04,44.869999,44.869999
2021-05-05,44.66,44.66
2021-05-06,44.41,44.41
2021-05-07,44.43,44.43
2021-05-10,44.48,44.48
2021-05-11,44.869999,44.869999
2021-05-12,45.220001,45.220001
2021-05-13,43.810001,43.810001
2021-05-14,44.709999,44.709999
2021-05-17,45.389999,45.389999
2021-05-18,44.84,44.84
2021-05-19,43.43,43.43
2021-05-20,42.48,42.48
2021-05-21,43.700001,43.700001
2021-05-24,45.02,45.02
2021-05-25,44.919998,44.919998
2021-05-26,45.200001,45.200001
2021-05-27,45.549999,45.549999
2021-05-28,45.419998,45.419998
2021-06-01,46.330002,46.330002
2021-06-02,46.900002,46.900002
2021-06-03,46.970001,46.970001
2021-06-04,47.259998,47.259998
2021-06-07,47.27,47.27
2021-06-08,47.880001,47.880001
2021-06-09,47.580002,47.580002
2021-06-10,47.830002,47.830002
2021-06-11,48.07,48.07
2021-06-14,48.32,48.32
2021-06-15,48.98,48.98
2021-06-16,48.75,48.75
2021-06-17,48.040001,48.040001
2021-06-18,48.360001,48.360001
2021-06-21,49.360001,49.360001
2021-06-22,49.419998,49.419998
2021-06-23,49.720001,49.720001
2021-06-24,49.84,49.84
2021-06-25,50.25,50.25
2021-06-28,49.540001,49.540001
2021-06-29,49.889999,49.889999
2021-06-30,49.880001,49.880001
2021-07-01,50.619999,50.619999
2021-07-02,50.93,50.93
2021-07-06,49.900002,49.900002
2021-07-07,48.66,48.66
2021-07-08,49.52,49.52
2021-07-09,50.41,50.41
2021-07-12,50.310001,50.310001
2021-07-13,51.150002,51.150002
2021-07-14,49.700001,49.700001
2021-07-15,49.040001,49.040001
2021-07-16,49.139999,49.139999
2021-07-19,45.84,45.84
2021-07-20,46.509998,46.509998
2021-07-21,48.27,48.27
2021-07-22,49.169998,49.169998
2021-07-23,49.470001,49.470001
2021-07-26,49.669998,49.669998
2021-07-27,49.470001,49.470001
2021-07-28,49.720001,49.720001
2021-07-29,50.639999,50.639999
2021-07-30,50.66,50.66
2021-08-02,49.18,49.18
2021-08-03,48.849998,48.849998
2021-08-04,47.200001,47.200001
2021-08-05,48.099998,48.099998
2021-08-06,47.57,47.57
2021-08-09,46.599998,46.599998
2021-08-10,47.68,47.68
2021-08-11,48.299999,48.299999
2021-08-12,48.099998,48.099998
2021-08-13,47.43,47.43
2021-08-16,47.040001,47.040001
2021-08-17,46.580002,46.580002
2021-08-18,45.400002,45.400002
2021-08-19,44.77,44.77
2021-08-20,43.43,43.43
2021-08-23,45.849998,45.849998
2021-08-24,47.369999,47.369999
2021-08-25,47.810001,47.810001
2021-08-26,47.48,47.48
2021-08-27,48.150002,48.150002
2021-08-30,48.400002,48.400002
2021-08-31,48.040001,48.040001
2021-09-01,47.93,47.93
2021-09-02,48.950001,48.950001
2021-09-03,48.66,48.66
2021-09-07,48.040001,48.040001
2021-09-08,48.59,48.59
2021-09-09,47.75,47.75
2021-09-10,48.799999,48.799999
2021-09-13,49.48,49.48
2021-09-14,49.310001,49.310001
2021-09-15,50.689999,50.689999
2021-09-16,50.700001,50.700001
2021-09-17,50.32,50.32
2021-09-20,49.599998,49.599998
2021-09-21,49.580002,49.580002
2021-09-22,50.48,50.48
2021-09-23,51.380001,51.380001
2021-09-24,51.82,51.82
2021-09-27,52.91,52.91
2021-09-28,52.400002,52.400002
2021-09-29,52.32,52.32
2021-09-30,52.560001,52.560001
2021-10-01,53.259998,53.259998
2021-10-04,54.490002,54.490002
2021-10-05,55.630001,55.630001
2021-10-06,54.16,54.16
2021-10-07,55.360001,55.360001
2021-10-08,55.470001,55.470001
2021-10-11,56.18,56.18
2021-10-12,56.110001,56.110001
2021-10-13,56.16,56.16
2021-10-14,56.810001,56.810001
2021-10-15,57.150002,57.150002
2021-10-18,56.959999,56.959999
2021-10-19,57.419998,57.419998
2021-10-20,58.119999,58.119999
2021-10-21,57.41,57.41
2021-10-22,58.029999,58.029999
2021-10-25,57.830002,57.830002
2021-10-26,58.450001,58.450001
2021-10-27,56.900002,56.900002
2021-10-28,57.400002,57.400002
2021-10-29,57.150002,57.150002
2021-11-01,57.529999,57.529999
2021-11-02,57.529999,57.529999
2021-11-03,55.34,55.34
2021-11-04,54.919998,54.919998
2021-11-05,56.549999,56.549999
2021-11-08,57.09,57.09
2021-11-09,57.970001,57.970001
2021-11-10,56.32,56.32
2021-11-11,56.220001,56.220001
2021-11-12,55.98,55.98
2021-11-15,56.07,56.07
2021-11-16,56.200001,56.200001
2021-11-17,55.0,55.0
2021-11-18,55.549999,55.549999
2021-11-19,53.779999,53.779999
2021-11-22,54.450001,54.450001
2021-11-23,56.200001,56.200001
2021-11-24,55.880001,55.880001
2021-11-26,49.630001,49.630001
2021-11-29,50.169998,50.169998
2021-11-30,47.91,47.91
2021-12-01,47.040001,47.040001
2021-12-02,48.290001,48.290001
2021-12-03,48.0,48.0
2021-12-06,50.509998,50.509998
2021-12-07,51.59,51.59
2021-12-08,52.419998,52.419998
2021-12-09,51.02,51.02
2021-12-10,52.029999,52.029999
2021-12-13,51.439999,51.439999
2021-12-14,50.919998,50.919998
2021-12-15,51.619999,51.619999
2021-12-16,51.869999,51.869999
2021-12-17,50.779999,50.779999
2021-12-20,49.900002,49.900002
2021-12-21,51.57,51.57
2021-12-22,52.48,52.48
2021-12-23,53.130001,53.130001
2021-12-27,54.52,54.52
2021-12-28,54.669998,54.669998
2021-12-29,55.080002,55.080002
2021-12-30,55.099998,55.099998
2021-12-31,54.360001,54.360001
2022-01-03,54.830002,54.830002
2022-01-04,55.59,55.59
2022-01-05,55.43,55.43
2022-01-06,56.889999,56.889999
2022-01-07,56.669998,56.669998
2022-01-10,56.16,56.16
2022-01-11,58.16,58.16
2022-01-12,58.91,58.91
2022-01-13,58.27,58.27
2022-01-14,59.970001,59.970001
2022-01-18,60.970001,60.970001
2022-01-19,61.049999,61.049999
2022-01-20,60.66,60.66
2022-01-21,60.779999,60.779999
2022-01-24,60.110001,60.110001
2022-01-25,60.970001,60.970001
2022-01-26,61.68,61.68
2022-01-27,61.860001,61.860001
2022-01-28,61.970001,61.970001
2022-01-31,62.48,62.48
2022-02-01,62.529999,62.529999
2022-02-02,62.52,62.52
2022-02-03,63.509998,63.509998
2022-02-04,64.910004,64.910004
2022-02-07,64.68,64.68
2022-02-08,63.619999,63.619999
2022-02-09,64.169998,64.169998
2022-02-10,63.959999,63.959999
2022-02-11,65.739998,65.739998
2022-02-14,66.360001,66.360001
2022-02-15,64.279999,64.279999
2022-02-16,63.540001,63.540001
2022-02-17,64.169998,64.169998
2022-02-18,64.739998,64.739998
2022-02-22,65.540001,65.540001
2022-02-23,66.239998,66.239998
2022-02-24,66.339996,66.339996
2022-02-25,65.800003,65.800003
2022-02-28,67.480003,67.480003
2022-03-01,71.82,71.82
2022-03-02,75.419998,75.419998
2022-03-03,74.529999,74.529999
2022-03-04,79.459999,79.459999
2022-03-07,82.370003,82.370003
2022-03-08,85.43,85.43
2022-03-09,75.470001,75.470001
2022-03-10,74.059998,74.059998
2022-03-11,76.400002,76.400002
2022-03-14,72.839996,72.839996
2022-03-15,68.629997,68.629997
2022-03-16,68.279999,68.279999
2022-03-17,73.68,73.68
2022-03-18,74.639999,74.639999
2022-03-21,79.540001,79.540001
2022-03-22,78.559998,78.559998
2022-03-23,81.949997,81.949997
2022-03-24,79.75,79.75
2022-03-25,80.739998,80.739998
2022-03-28,74.529999,74.529999
2022-03-29,76.150002,76.150002
2022-03-30,77.910004,77.910004
2022-03-31,74.120003,74.120003
2022-04-01,74.169998,74.169998
2022-04-04,76.860001,76.860001
2022-04-05,74.800003,74.800003
2022-04-06,73.050003,73.050003
2022-04-07,73.110001,73.110001
2022-04-08,74.110001,74.110001
2022-04-11,72.300003,72.300003
2022-04-12,75.980003,75.980003
2022-04-13,78.419998,78.419998
2022-04-14,79.57,79.57
2022-04-18,80.410004,80.410004
2022-04-19,76.860001,76.860001
2022-04-20,77.239998,77.239998
2022-04-21,78.120003,78.120003
2022-04-22,76.309998,76.309998
2022-04-25,74.650002,74.650002
2022-04-26,76.459999,76.459999
2022-04-27,76.370003,76.370003
2022-04-28,78.080002,78.080002
2022-04-29,77.160004,77.160004
2022-05-02,78.379997,78.379997
2022-05-03,76.690002,76.690002
2022-05-04,80.220001,80.220001
2022-05-05,80.480003,80.480003
2022-05-06,82.129997,82.129997
2022-05-09,76.57,76.57
2022-05-10,74.529999,74.529999
2022-05-11,78.18,78.18
2022-05-12,79.230003,79.230003
2022-05-13,81.279999,81.279999
2022-05-16,83.110001,83.110001
2022-05-17,81.110001,81.110001
2022-05-18,79.290001,79.290001
2022-05-19,80.580002,80.580002
2022-05-20,81.650002,81.650002
2022-05-23,81.970001,81.970001
2022-05-24,82.0,82.0
2022-05-25,82.480003,82.480003
2022-05-26,84.589996,84.589996
2022-05-27,85.459999,85.459999
2022-05-31,85.470001,85.470001
2022-06-01,85.540001,85.540001
2022-06-02,87.25,87.25
2022-06-03,89.470001,89.470001
2022-06-06,88.389999,88.389999
2022-06-07,90.040001,90.040001
2022-06-08,91.989998,91.989998
2022-06-09,91.080002,91.080002
2022-06-10,90.129997,90.129997
2022-06-13,90.360001,90.360001
2022-06-14,88.449997,88.449997
2022-06-15,86.93,86.93
2022-06-16,87.660004,87.660004
2022-06-17,83.339996,83.339996
2022-06-21,84.050003,84.050003
2022-06-22,80.879997,80.879997
2022-06-23,78.980003,78.980003
2022-06-24,81.269997,81.269997
2022-06-27,82.93,82.93
2022-06-28,84.720001,84.720001
2022-06-29,82.949997,82.949997
2022-06-30,80.349998,80.349998
2022-07-01,81.669998,81.669998
2022-07-05,74.779999,74.779999
2022-07-06,73.669998,73.669998
2022-07-07,76.550003,76.550003
2022-07-08,78.540001,78.540001
2022-07-11,78.230003,78.230003
2022-07-12,72.809998,72.809998
2022-07-13,73.190002,73.190002
2022-07-14,72.849998,72.849998
2022-07-15,73.739998,73.739998
2022-07-18,76.809998,76.809998
2022-07-19,78.050003,78.050003
2022-07-20,77.639999,77.639999
2022-07-21,75.489998,75.489998
2022-07-22,74.529999,74.529999
2022-07-25,76.220001,76.220001
2022-07-26,75.160004,75.160004
2022-07-27,77.870003,77.870003
2022-07-28,77.129997,77.129997
2022-07-29,78.050003,78.050003
2022-08-01,75.129997,75.129997
2022-08-02,75.93,75.93
2022-08-03,73.529999,73.529999
2022-08-04,71.529999,71.529999
2022-08-05,71.540001,71.540001
2022-08-08,73.540001,73.540001
2022-08-09,73.449997,73.449997
2022-08-10,74.32,74.32
2022-08-11,76.279999,76.279999
2022-08-12,74.980003,74.980003
2022-08-15,72.879997,72.879997
2022-08-16,71.239998,71.239998
2022-08-17,72.050003,72.050003
2022-08-18,74.209999,74.209999
2022-08-19,74.059998,74.059998
2022-08-22,74.68,74.68
2022-08-23,76.830002,76.830002
2022-08-24,78.040001,78.040001
2022-08-25,76.5,76.5
2022-08-26,75.849998,75.849998
2022-08-29,78.690002,78.690002
2022-08-30,75.470001,75.470001
2022-08-31,73.110001,73.110001
2022-09-01,70.949997,70.949997
2022-09-02,71.43,71.43
2022-09-06,71.419998,71.419998
2022-09-07,67.620003,67.620003
2022-09-08,68.089996,68.089996
2022-09-09,71.099998,71.099998
2022-09-12,72.370003,72.370003
2022-09-13,72.010002,72.010002
2022-09-14,72.730003,72.730003
2022-09-15,69.760002,69.760002
2022-09-16,69.900002,69.900002
2022-09-19,70.050003,70.050003
2022-09-20,69.220001,69.220001
2022-09-21,68.68,68.68
2022-09-22,68.970001,68.970001
2022-09-23,65.32,65.32
2022-09-26,63.200001,63.200001
2022-09-27,64.419998,64.419998
2022-09-28,67.129997,67.129997
2022-09-29,66.769997,66.769997
2022-09-30,65.279999,65.279999
2022-10-03,67.889999,67.889999
2022-10-04,70.279999,70.279999
2022-10-05,71.940002,71.940002
2022-10-06,72.989998,72.989998
2022-10-07,75.099998,75.099998
2022-10-10,73.779999,73.779999
2022-10-11,71.75,71.75
2022-10-12,70.93,70.93
2022-10-13,72.519997,72.519997
2022-10-14,70.169998,70.169998
2022-10-17,70.129997,70.129997
2022-10-18,68.699997,68.699997
2022-10-19,70.040001,70.040001
2022-10-20,70.18,70.18
2022-10-21,70.57,70.57
2022-10-24,70.379997,70.379997
2022-10-25,70.610001,70.610001
2022-10-26,72.970001,72.970001
2022-10-27,73.620003,73.620003
2022-10-28,72.82,72.82
2022-10-31,71.529999,71.529999
2022-11-01,73.120003,73.120003
2022-11-02,74.080002,74.080002
2022-11-03,73.290001,73.290001
2022-11-04,76.82,76.82
2022-11-07,76.559998,76.559998
2022-11-08,74.470001,74.470001
2022-11-09,71.669998,71.669998
2022-11-10,72.239998,72.239998
2022-11-11,74.379997,74.379997
2022-11-14,71.910004,71.910004
2022-11-15,73.25,73.25
2022-11-16,72.040001,72.040001
2022-11-17,70.139999,70.139999
2022-11-18,69.029999,69.029999
2022-11-21,69.029999,69.029999
2022-11-22,69.980003,69.980003
2022-11-23,67.410004,67.410004
2022-11-25,66.959999,66.959999
2022-11-28,66.879997,66.879997
2022-11-29,68.339996,68.339996
2022-11-30,70.230003,70.230003
2022-12-01,70.449997,70.449997
2022-12-02,69.839996,69.839996
2022-12-05,67.720001,67.720001
2022-12-06,65.230003,65.230003
2022-12-07,63.650002,63.650002
2022-12-08,62.709999,62.709999
2022-12-09,62.849998,62.849998
2022-12-12,64.410004,64.410004
2022-12-13,65.860001,65.860001
2022-12-14,67.360001,67.360001
2022-12-15,66.150002,66.150002
2022-12-16,64.900002,64.900002
2022-12-19,66.07,66.07
2022-12-20,66.220001,66.220001
2022-12-21,68.059998,68.059998
2022-12-22,67.699997,67.699997
2022-12-23,69.32,69.32
2022-12-27,69.529999,69.529999
2022-12-28,68.580002,68.580002
2022-12-29,68.529999,68.529999
2022-12-30,70.110001,70.110001
2023-01-03,67.639999,67.639999
2023-01-04,64.300003,64.300003
2023-01-05,64.779999,64.779999
2023-01-06,64.830002,64.830002
2023-01-09,65.879997,65.879997
2023-01-10,65.900002,65.900002
2023-01-11,68.050003,68.050003
2023-01-12,68.610001,68.610001
2023-01-13,70.050003,70.050003
2023-01-17,70.860001,70.860001
2023-01-18,69.510002,69.510002
2023-01-19,70.589996,70.589996
2023-01-20,71.550003,71.550003
2023-01-23,71.5,71.5
2023-01-24,70.220001,70.220001
2023-01-25,70.510002,70.510002
2023-01-26,70.93,70.93
2023-01-27,69.5,69.5
2023-01-30,68.099998,68.099998
2023-01-31,69.32,69.32
2023-02-01,67.360001,67.360001
2023-02-02,66.57,66.57
2023-02-03,64.400002,64.400002
2023-02-06,65.5,65.5
2023-02-07,67.760002,67.760002
2023-02-08,68.68,68.68
2023-02-09,67.919998,67.919998
2023-02-10,69.870003,69.870003
2023-02-13,69.5,69.5
2023-02-14,69.400002,69.400002
2023-02-15,69.019997,69.019997
2023-02-16,68.449997,68.449997
2023-02-17,67.019997,67.019997
2023-02-21,66.690002,66.690002
2023-02-22,64.919998,64.919998
2023-02-23,66.379997,66.379997
2023-02-24,67.099998,67.099998
2023-02-27,66.25,66.25
2023-02-28,67.209999,67.209999
2023-03-01,68.07,68.07
2023-03-02,68.300003,68.300003
2023-03-03,69.860001,69.860001
2023-03-06,70.489998,70.489998
2023-03-07,67.849998,67.849998
2023-03-08,67.099998,67.099998
2023-03-09,66.239998,66.239998
2023-03-10,67.139999,67.139999
2023-03-13,65.25,65.25
2023-03-14,62.93,62.93
2023-03-15,60.02,60.02
2023-03-16,60.049999,60.049999
2023-03-17,58.66,58.66
2023-03-20,59.790001,59.790001
2023-03-21,61.23,61.23
2023-03-22,61.610001,61.610001
2023-03-23,60.990002,60.990002
2023-03-24,60.959999,60.959999
2023-03-27,64.150002,64.150002
2023-03-28,64.550003,64.550003
2023-03-29,64.150002,64.150002
2023-03-30,65.32,65.32
2023-03-31,66.440002,66.440002
2023-04-03,70.269997,70.269997
2023-04-04,70.269997,70.269997
2023-04-05,70.239998,70.239998
2023-04-06,70.260002,70.260002
2023-04-10,69.760002,69.760002
2023-04-11,71.07,71.07
2023-04-12,72.43,72.43
2023-04-13,71.800003,71.800003
2023-04-14,72.089996,72.089996
2023-04-17,70.839996,70.839996
2023-04-18,70.730003,70.730003
2023-04-19,69.300003,69.300003
2023-04-20,67.599998,67.599998
2023-04-21,68.209999,68.209999
2023-04-24,69.25,69.25
2023-04-25,67.620003,67.620003
2023-04-26,65.360001,65.360001
2023-04-27,65.809998,65.809998
2023-04-28,67.5,67.5
2023-05-01,66.550003,66.550003
2023-05-02,63.049999,63.049999
2023-05-03,60.310001,60.310001
2023-05-04,60.700001,60.700001
2023-05-05,63.029999,63.029999
2023-05-08,64.260002,64.260002
2023-05-09,64.870003,64.870003
2023-05-10,64.389999,64.389999
2023-05-11,63.25,63.25
2023-05-12,62.07,62.07
2023-05-15,62.990002,62.990002
2023-05-16,62.540001,62.540001
2023-05-17,64.599998,64.599998
2023-05-18,64.040001,64.040001
2023-05-19,63.900002,63.900002
2023-05-22,63.91,63.91
2023-05-23,64.870003,64.870003
2023-05-24,65.660004,65.660004
2023-05-25,64.089996,64.089996
2023-05-26,64.800003,64.800003
2023-05-30,62.299999,62.299999
2023-05-31,60.630001,60.630001
2023-06-01,62.549999,62.549999
2023-06-02,64.150002,64.150002
2023-06-05,64.029999,64.029999
2023-06-06,63.790001,63.790001
2023-06-07,64.709999,64.709999
2023-06-08,63.459999,63.459999
2023-06-09,62.93,62.93
2023-06-12,60.240002,60.240002
2023-06-13,62.139999,62.139999
2023-06-14,61.830002,61.830002
2023-06-15,63.41,63.41
2023-06-16,64.349998,64.349998
2023-06-20,63.919998,63.919998
2023-06-21,65.040001,65.040001
2023-06-22,62.52,62.52
2023-06-23,62.419998,62.419998
2023-06-26,62.73,62.73
2023-06-27,61.299999,61.299999
2023-06-28,62.52,62.52
2023-06-29,62.959999,62.959999
2023-06-30,63.549999,63.549999
2023-07-03,63.389999,63.389999
2023-07-05,64.629997,64.629997
2023-07-06,64.440002,64.440002
2023-07-07,65.849998,65.849998
2023-07-10,65.540001,65.540001
2023-07-11,67.029999,67.029999
2023-07-12,67.870003,67.870003
2023-07-13,69.089996,69.089996
2023-07-14,67.470001,67.470001
2023-07-17,66.580002,66.580002
2023-07-18,67.959999,67.959999
2023-07-19,67.690002,67.690002
2023-07-20,68.050003,68.050003
2023-07-21,68.989998,68.989998
2023-07-24,70.690002,70.690002
2023-07-25,71.160004,71.160004
2023-07-26,70.660004,70.660004
2023-07-27,71.43,71.43
2023-07-28,72.089996,72.089996
2023-07-31,73.169998,73.169998
2023-08-01,72.959999,72.959999
2023-08-02,71.480003,71.480003
2023-08-03,73.139999,73.139999
2023-08-04,73.790001,73.790001
2023-08-07,73.82,73.82
2023-08-08,74.059998,74.059998
2023-08-09,75.099998,75.099998
2023-08-10,74.199997,74.199997
2023-08-11,74.25,74.25
2023-08-14,73.809998,73.809998
2023-08-15,72.620003,72.620003
2023-08-16,71.370003,71.370003
2023-08-17,71.980003,71.980003
2023-08-18,72.790001,72.790001
2023-08-21,72.580002,72.580002
2023-08-22,72.279999,72.279999
2023-08-23,71.360001,71.360001
2023-08-24,71.410004,71.410004
2023-08-25,72.449997,72.449997
2023-08-28,72.410004,72.410004
2023-08-29,73.32,73.32
2023-08-30,73.660004,73.660004
2023-08-31,75.059998,75.059998
2023-09-01,76.919998,76.919998
2023-09-05,77.760002,77.760002
2023-09-06,78.519997,78.519997
2023-09-07,77.949997,77.949997
2023-09-08,78.300003,78.300003
2023-09-11,78.370003,78.370003
2023-09-12,79.699997,79.699997
2023-09-13,79.68,79.68
2023-09-14,81.120003,81.120003
2023-09-15,81.290001,81.290001
2023-09-18,81.449997,81.449997
2023-09-19,81.5,81.5
2023-09-20,80.139999,80.139999
2023-09-21,80.410004,80.410004
2023-09-22,80.629997,80.629997
2023-09-25,80.389999,80.389999
2023-09-26,80.879997,80.879997
2023-09-27,82.900002,82.900002
2023-09-28,81.57,81.57
2023-09-29,80.860001,80.860001
2023-10-02,79.389999,79.389999
2023-10-03,79.93,79.93
2023-10-04,75.589996,75.589996
2023-10-05,73.989998,73.989998
2023-10-06,74.160004,74.160004
2023-10-09,77.129997,77.129997
2023-10-10,76.709999,76.709999
2023-10-11,75.669998,75.669998
2023-10-12,75.419998,75.419998
2023-10-13,78.989998,78.989998
2023-10-16,78.389999,78.389999
2023-10-17,78.800003,78.800003
2023-10-18,79.839996,79.839996
2023-10-19,81.68,81.68
2023-10-20,80.699997,80.699997
2023-10-23,78.889999,78.889999
2023-10-24,76.93,76.93
2023-10-25,78.459999,78.459999
2023-10-26,76.889999,76.889999
2023-10-27,78.360001,78.360001
2023-10-30,76.050003,76.050003
2023-10-31,75.019997,75.019997
2023-11-01,74.75,74.75
2023-11-02,76.18,76.18
2023-11-03,74.849998,74.849998
2023-11-06,74.910004,74.910004
2023-11-07,71.800003,71.800003
2023-11-08,70.190002,70.190002
2023-11-09,70.25,70.25
2023-11-10,71.790001,71.790001
2023-11-13,72.919998,72.919998
2023-11-14,72.690002,72.690002
2023-11-15,71.339996,71.339996
2023-11-16,68.050003,68.050003
2023-11-17,70.75,70.75
2023-11-20,72.300003,72.300003
2023-11-21,72.529999,72.529999
2023-11-22,71.610001,71.610001
2023-11-24,70.82,70.82
2023-11-27,69.959999,69.959999
2023-11-28,71.260002,71.260002
2023-11-29,72.519997,72.519997
2023-11-30,70.139999,70.139999
2023-12-01,69.239998,69.239998
2023-12-04,68.470001,68.470001
2023-12-05,67.580002,67.580002
2023-12-06,64.760002,64.760002
2023-12-07,65.110001,65.110001
2023-12-08,66.529999,66.529999
2023-12-11,66.800003,66.800003
2023-12-12,64.25,64.25
2023-12-13,65.330002,65.330002
2023-12-14,67.160004,67.160004
2023-12-15,67.150002,67.150002
2023-12-18,68.089996,68.089996
2023-12-19,69.360001,69.360001
2023-12-20,68.790001,68.790001
2023-12-21,69.029999,69.029999
2023-12-22,68.690002,68.690002
2023-12-26,70.209999,70.209999
2023-12-27,68.919998,68.919998
2023-12-28,67.18,67.18
2023-12-29,66.650002,66.650002
2024-01-02,65.769997,65.769997
2024-01-03,68.190002,68.190002
2024-01-04,67.57,67.57
2024-01-05,69.029999,69.029999
2024-01-08,66.400002,66.400002
2024-01-09,67.389999,67.389999
2024-01-10,66.559998,66.559998
2024-01-11,67.650002,67.650002
2024-01-12,68.019997,68.019997
2024-01-16,67.25,67.25
2024-01-17,67.940002,67.940002
2024-01-18,69.059998,69.059998
2024-01-19,68.82,68.82
2024-01-22,69.690002,69.690002
2024-01-23,69.660004,69.660004
2024-01-24,70.540001,70.540001
2024-01-25,72.230003,72.230003
2024-01-26,73.099998,73.099998
2024-01-29,72.050003,72.050003
2024-01-30,72.809998,72.809998
2024-01-31,70.919998,70.919998
2024-02-01,69.07,69.07
2024-02-02,67.510002,67.510002
2024-02-05,68.18,68.18
2024-02-06,68.809998,68.809998
2024-02-07,69.419998,69.419998
2024-02-08,71.519997,71.519997
2024-02-09,71.669998,71.669998
2024-02-12,72.110001,72.110001
2024-02-13,72.650002,72.650002
2024-02-14,71.550003,71.550003
2024-02-15,72.839996,72.839996
2024-02-16,73.410004,73.410004
2024-02-20,72.419998,72.419998
2024-02-21,73.199997,73.199997
2024-02-22,73.599998,73.599998
2024-02-23,71.919998,71.919998
2024-02-26,72.790001,72.790001
2024-02-27,73.849998,73.849998
2024-02-28,73.620003,73.620003
2024-02-29,73.360001,73.360001
2024-03-01,74.959999,74.959999
2024-03-04,74.010002,74.010002
2024-03-05,73.449997,73.449997
2024-03-06,74.339996,74.339996
2024-03-07,74.230003,74.230003
2024-03-08,73.360001,73.360001
2024-03-11,73.620003,73.620003
2024-03-12,73.349998,73.349998
2024-03-13,75.089996,75.089996
2024-03-14,76.300003,76.300003
2024-03-15,76.330002,76.330002
2024-03-18,77.980003,77.980003
2024-03-19,78.43,78.43
2024-03-20,77.25,77.25
2024-03-21,76.82,76.82
2024-03-22,76.68,76.68
2024-03-25,77.760002,77.760002
2024-03-26,77.290001,77.290001
2024-03-27,77.510002,77.510002
2024-03-28,78.730003,78.730003
2024-04-01,79.669998,79.669998
2024-04-02,80.790001,80.790001
2024-04-03,81.25,81.25
2024-04-04,82.269997,82.269997
2024-04-05,82.400002,82.400002
2024-04-08,82.199997,82.199997
2024-04-09,81.150002,81.150002
2024-04-10,82.089996,82.089996
2024-04-11,81.550003,81.550003
2024-04-12,81.529999,81.529999
2024-04-15,81.650002,81.650002
2024-04-16,81.330002,81.330002
2024-04-17,78.910004,78.910004
2024-04-18,78.779999,78.779999
2024-04-19,78.849998,78.849998
2024-04-22,78.779999,78.779999
2024-04-23,79.980003,79.980003
2024-04-24,79.639999,79.639999
2024-04-25,80.440002,80.440002
2024-04-26,80.389999,80.389999
2024-04-29,79.5,79.5
2024-04-30,78.379997,78.379997
2024-05-01,75.93,75.93
2024-05-02,75.93,75.93
2024-05-03,75.129997,75.129997
2024-05-06,75.660004,75.660004
2024-05-07,75.5,75.5
2024-05-08,76.110001,76.110001
2024-05-09,76.519997,76.519997
2024-05-10,75.300003,75.300003
2024-05-13,76.129997,76.129997
